{"type": "Song", "objects": {"0": {"type": "StaffSystem", "objects": {"measures": {"0": {"type": "Measure", "objects": {"0": {"type": "Note", "objects": {"x": 0.13371285796165466, "y": 0.25526535511016846, "w": 0.0076729655265808105, "h": 0.010001331567764282, "length": 1.0}}, "1": {"type": "Note", "objects": {"x": 0.2019173800945282, "y": 0.22863270342350006, "w": 0.010478556156158447, "h": 0.010607272386550903, "length": 1.0}}}}, "1": {"type": "Measure", "objects": {"0": {"type": "Note", "objects": {"x": 0.2672704756259918, "y": 0.228641539812088, "w": 0.010555505752563477, "h": 0.01076631247997284, "length": 1.0}}, "1": {"type": "Note", "objects": {"x": 0.3081076741218567, "y": 0.2388826608657837, "w": 0.010282546281814575, "h": 0.010546863079071045, "length": 1.0}}, "2": {"type": "Note", "objects": {"x": 0.34992438554763794, "y": 0.23393826186656952, "w": 0.010171115398406982, "h": 0.010868608951568604, "length": 1.0}}, "3": {"type": "Note", "objects": {"x": 0.3909972608089447, "y": 0.22838342189788818, "w": 0.009959399700164795, "h": 0.010242238640785217, "length": 1.0}}}}, "2": {"type": "Measure", "objects": {"0": {"type": "Note", "objects": {"x": 0.4545954465866089, "y": 0.2389586716890335, "w": 0.010420948266983032, "h": 0.010576903820037842, "length": 1.0}}, "1": {"type": "Note", "objects": {"x": 0.4920138716697693, "y": 0.2444143146276474, "w": 0.010542839765548706, "h": 0.011198073625564575, "length": 1.0}}, "2": {"type": "Note", "objects": {"x": 0.5289437770843506, "y": 0.24947330355644226, "w": 0.009953796863555908, "h": 0.010358735918998718, "length": 1.0}}, "3": {"type": "Note", "objects": {"x": 0.5658957958221436, "y": 0.22812628746032715, "w": 0.010174572467803955, "h": 0.010475501418113708, "length": 1.0}}}}, "3": {"type": "Measure", "objects": {"0": {"type": "Note", "objects": {"x": 0.6313772201538086, "y": 0.228236585855484, "w": 0.010141253471374512, "h": 0.010489583015441895, "length": 1.0}}, "1": {"type": "Note", "objects": {"x": 0.6740874648094177, "y": 0.233521968126297, "w": 0.010310769081115723, "h": 0.011055037379264832, "length": 1.0}}, "2": {"type": "Note", "objects": {"x": 0.7171697020530701, "y": 0.21799136698246002, "w": 0.010145902633666992, "h": 0.01009434461593628, "length": 1.0}}, "3": {"type": "Note", "objects": {"x": 0.7599033117294312, "y": 0.22841939330101013, "w": 0.010227382183074951, "h": 0.01043565571308136, "length": 1.0}}}}, "4": {"type": "Measure", "objects": {"0": {"type": "Note", "objects": {"x": 0.821266770362854, "y": 0.23880545794963837, "w": 0.010323524475097656, "h": 0.0108509361743927, "length": 1.0}}, "1": {"type": "Note", "objects": {"x": 0.8591828346252441, "y": 0.23386047780513763, "w": 0.010058581829071045, "h": 0.010991334915161133, "length": 1.0}}, "2": {"type": "Note", "objects": {"x": 0.8965847492218018, "y": 0.22864475846290588, "w": 0.010397791862487793, "h": 0.010756775736808777, "length": 1.0}}}}}, "staffs": {"0": {"type": "staff", "objects": {"top": 0.2013748586177826, "bottom": 0.24449583888053894}}}, "boundaries": {"ymin": 0.0, "ymax": 0.2857443317770958}}}, "1": {"type": "StaffSystem", "objects": {"measures": {"0": {"type": "Measure", "objects": {"0": {"type": "Note", "objects": {"x": 0.201829731464386, "y": 0.3128587007522583, "w": 0.010228529572486877, "h": 0.01033070683479309, "length": 1.0}}}}, "1": {"type": "Measure", "objects": {"0": {"type": "Note", "objects": {"x": 0.2670436501502991, "y": 0.32887589931488037, "w": 0.010396897792816162, "h": 0.011450350284576416, "length": 1.0}}, "1": {"type": "Note", "objects": {"x": 0.3081112504005432, "y": 0.3288770020008087, "w": 0.010192543268203735, "h": 0.01161259412765503, "length": 1.0}}, "2": {"type": "Note", "objects": {"x": 0.3498423993587494, "y": 0.32336336374282837, "w": 0.0101737380027771, "h": 0.01068088412284851, "length": 1.0}}, "3": {"type": "Note", "objects": {"x": 0.3912199139595032, "y": 0.328640341758728, "w": 0.01005566120147705, "h": 0.011337071657180786, "length": 1.0}}}}, "2": {"type": "Measure", "objects": {"0": {"type": "Note", "objects": {"x": 0.4546675682067871, "y": 0.32331329584121704, "w": 0.010228961706161499, "h": 0.01070907711982727, "length": 1.0}}, "1": {"type": "Note", "objects": {"x": 0.49172747135162354, "y": 0.34443002939224243, "w": 0.010085463523864746, "h": 0.010434240102767944, "length": 1.0}}, "2": {"type": "Note", "objects": {"x": 0.5288904905319214, "y": 0.33936023712158203, "w": 0.009803950786590576, "h": 0.011536955833435059, "length": 1.0}}, "3": {"type": "Note", "objects": {"x": 0.5660747289657593, "y": 0.312942773103714, "w": 0.010386288166046143, "h": 0.010554194450378418, "length": 1.0}}}}, "3": {"type": "Measure", "objects": {"0": {"type": "Note", "objects": {"x": 0.6311392784118652, "y": 0.3183061480522156, "w": 0.010368585586547852, "h": 0.011462092399597168, "length": 1.0}}, "1": {"type": "Note", "objects": {"x": 0.6740459203720093, "y": 0.318301796913147, "w": 0.009954631328582764, "h": 0.011391550302505493, "length": 1.0}}, "2": {"type": "Note", "objects": {"x": 0.7171617746353149, "y": 0.31836700439453125, "w": 0.010189473628997803, "h": 0.01148572564125061, "length": 1.0}}, "3": {"type": "Note", "objects": {"x": 0.7601377367973328, "y": 0.31848686933517456, "w": 0.010294079780578613, "h": 0.011503756046295166, "length": 1.0}}}}, "4": {"type": "Measure", "objects": {"0": {"type": "Note", "objects": {"x": 0.8213917016983032, "y": 0.32347285747528076, "w": 0.010097205638885498, "h": 0.010715305805206299, "length": 1.0}}, "1": {"type": "Note", "objects": {"x": 0.8589588403701782, "y": 0.3496019244194031, "w": 0.010399699211120605, "h": 0.011302858591079712, "length": 1.0}}, "2": {"type": "Note", "objects": {"x": 0.8963615894317627, "y": 0.3443072438240051, "w": 0.010100483894348145, "h": 0.010355770587921143, "length": 1.0}}}}}, "staffs": {"0": {"type": "staff", "objects": {"top": 0.3261738419532776, "bottom": 0.37093278765678406}}}, "boundaries": {"ymin": 0.2857443317770958, "ymax": 0.41417844593524933}}}, "2": {"type": "StaffSystem", "objects": {"measures": {"0": {"type": "Measure", "objects": {"0": {"type": "Note", "objects": {"x": 0.09029105305671692, "y": 0.5123481750488281, "w": 0.006932772696018219, "h": 0.010106503963470459, "length": 1.0}}, "1": {"type": "Note", "objects": {"x": 0.14062872529029846, "y": 0.48493605852127075, "w": 0.010911807417869568, "h": 0.0111788809299469, "length": 1.0}}}}, "1": {"type": "Measure", "objects": {"0": {"type": "Note", "objects": {"x": 0.19980722665786743, "y": 0.4748404622077942, "w": 0.010337814688682556, "h": 0.009822875261306763, "length": 1.0}}, "1": {"type": "Note", "objects": {"x": 0.24274492263793945, "y": 0.4700157046318054, "w": 0.010506272315979004, "h": 0.0115794837474823, "length": 1.0}}, "2": {"type": "Note", "objects": {"x": 0.26982471346855164, "y": 0.46435028314590454, "w": 0.010243594646453857, "h": 0.010489732027053833, "length": 1.0}}, "3": {"type": "Note", "objects": {"x": 0.29663312435150146, "y": 0.45960772037506104, "w": 0.010772377252578735, "h": 0.011763662099838257, "length": 1.0}}, "4": {"type": "Note", "objects": {"x": 0.3394868075847626, "y": 0.46441295742988586, "w": 0.010035395622253418, "h": 0.010085761547088623, "length": 1.0}}}}, "2": {"type": "Measure", "objects": {"0": {"type": "Note", "objects": {"x": 0.4087064862251282, "y": 0.4700891375541687, "w": 0.010579168796539307, "h": 0.011646509170532227, "length": 1.0}}, "1": {"type": "Accidental", "objects": {"x": 0.4439479112625122, "y": 0.47522860765457153, "w": 0.009559839963912964, "h": 0.02674141526222229, "accidentalType": "accidentalSharp"}}, "2": {"type": "Note", "objects": {"x": 0.4989916980266571, "y": 0.4700150489807129, "w": 0.01056140661239624, "h": 0.011538684368133545, "length": 1.0}}, "3": {"type": "Note", "objects": {"x": 0.5436319708824158, "y": 0.46985840797424316, "w": 0.010062932968139648, "h": 0.011096835136413574, "length": 1.0}}}}, "3": {"type": "Measure", "objects": {"0": {"type": "Note", "objects": {"x": 0.6062089800834656,