{"type": "Song", "objects": {"0": {"type": "StaffSystem", "objects": {"measures": {"0": {"type": "Measure", "objects": {"0": {"type": "Note", "objects": {"x": 0.19741615653038025, "y": 0.22549986839294434, "w": 0.012384951114654541, "h": 0.00799088180065155, "length": 1.0}}, "1": {"type": "Note", "objects": {"x": 0.1974477469921112, "y": 0.2396315634250641, "w": 0.012241408228874207, "h": 0.007635593414306641, "length": 1.0}}, "2": {"type": "Note", "objects": {"x": 0.24329033493995667, "y": 0.23275507986545563, "w": 0.01248699426651001, "h": 0.007841110229492188, "length": 1.0}}, "3": {"type": "Note", "objects": {"x": 0.2883802056312561, "y": 0.2516392767429352, "w": 0.01225811243057251, "h": 0.007374182343482971, "length": 1.0}}, "4": {"type": "Note", "objects": {"x": 0.28848379850387573, "y": 0.23014894127845764, "w": 0.013153165578842163, "h": 0.007161185145378113, "length": 1.0}}, "5": {"type": "Note", "objects": {"x": 0.3328738808631897, "y": 0.2384192943572998, "w": 0.012643218040466309, "h": 0.007333219051361084, "length": 1.0}}}}, "1": {"type": "Measure", "objects": {"0": {"type": "Note", "objects": {"x": 0.38735970854759216, "y": 0.24341896176338196, "w": 0.012362480163574219, "h": 0.007275208830833435, "length": 1.0}}, "1": {"type": "Note", "objects": {"x": 0.4403793215751648, "y": 0.23795443773269653, "w": 0.011441081762313843, "h": 0.007694169878959656, "length": 1.0}}, "2": {"type": "Note", "objects": {"x": 0.46638455986976624, "y": 0.23525354266166687, "w": 0.011171698570251465, "h": 0.006723389029502869, "length": 1.0}}, "3": {"type": "Note", "objects": {"x": 0.4918002784252167, "y": 0.23396039009094238, "w": 0.011197984218597412, "h": 0.008070141077041626, "length": 1.0}}}}, "2": {"type": "Measure", "objects": {"0": {"type": "Note", "objects": {"x": 0.5709567666053772, "y": 0.23151442408561707, "w": 0.011155366897583008, "h": 0.006984248757362366, "length": 1.0}}, "1": {"type": "Note", "objects": {"x": 0.5709807276725769, "y": 0.249070942401886, "w": 0.011108756065368652, "h": 0.007100418210029602, "length": 1.0}}, "2": {"type": "Note", "objects": {"x": 0.6206783056259155, "y": 0.24944382905960083, "w": 0.010983467102050781, "h": 0.00954735279083252, "length": 1.0}}, "3": {"type": "Note", "objects": {"x": 0.6208271980285645, "y": 0.2362206131219864, "w": 0.01107478141784668, "h": 0.007577061653137207, "length": 1.0}}, "4": {"type": "Note", "objects": {"x": 0.6699725389480591, "y": 0.2511199414730072, "w": 0.011763691902160645, "h": 0.007136717438697815, "length": 1.0}}, "5": {"type": "Note", "objects": {"x": 0.6702555418014526, "y": 0.2373695969581604, "w": 0.01136082410812378, "h": 0.00749380886554718, "length": 1.0}}, "6": {"type": "Note", "objects": {"x": 0.7039487957954407, "y": 0.2444096952676773, "w": 0.011093854904174805, "h": 0.007393956184387207, "length": 1.0}}}}, "3": {"type": "Measure", "objects": {"0": {"type": "Note", "objects": {"x": 0.7483349442481995, "y": 0.2447274923324585, "w": 0.011671185493469238, "h": 0.008380994200706482, "length": 1.0}}, "1": {"type": "Note", "objects": {"x": 0.8047744035720825, "y": 0.23693759739398956, "w": 0.011877000331878662, "h": 0.010131686925888062, "length": 1.0}}, "2": {"type": "Note", "objects": {"x": 0.8333435654640198, "y": 0.23179233074188232, "w": 0.011531829833984375, "h": 0.007626160979270935, "length": 1.0}}, "3": {"type": "Note", "objects": {"x": 0.8609286546707153, "y": 0.2284633219242096, "w": 0.010926544666290283, "h": 0.007257327437400818, "length": 1.0}}, "4": {"type": "Note", "objects": {"x": 0.8611781597137451, "y": 0.2456725537776947, "w": 0.011011064052581787, "h": 0.007570579648017883, "length": 1.0}}}}}, "staffs": {"0": {"type": "staff", "objects": {"top": 0.22473236918449402, "bottom": 0.25357484817504883}}}, "boundaries": {"ymin": 0.0, "ymax": 0.27799154818058014}}}, "1": {"type": "StaffSystem", "objects": {"measures": {"0": {"type": "Measure", "objects": {"0": {"type": "Note", "objects": {"x": 0.19667136669158936, "y": 0.29366806149482727, "w": 0.012757912278175354, "h": 0.007033705711364746, "length": 1.0}}, "1": {"type": "Note", "objects": {"x": 0.2423882633447647, "y": 0.3013302683830261, "w": 0.01226535439491272, "h": 0.00803181529045105, "length": 1.0}}, "2": {"type": "Note", "objects": {"x": 0.28833094239234924, "y": 0.29926085472106934, "w": 0.012485980987548828, "h": 0.007570594549179077, "length": 1.0}}, "3": {"type": "Note", "objects": {"x": 0.33255767822265625, "y": 0.3069894313812256, "w": 0.012179583311080933, "h": 0.007681220769882202, "length": 1.0}}}}, "1": {"type": "Measure", "objects": {"0": {"type": "Note", "objects": {"x": 0.3863275647163391, "y": 0.2972230315208435, "w": 0.012554675340652466, "h": 0.00702822208404541, "length": 1.0}}, "1": {"type": "Note", "objects": {"x": 0.41330015659332275, "y": 0.2949179410934448, "w": 0.01258435845375061, "h": 0.007824420928955078, "length": 1.0}}, "2": {"type": "Note", "objects": {"x": 0.46549102663993835, "y": 0.30384063720703125, "w": 0.011453092098236084, "h": 0.007761240005493164, "length": 1.0}}, "3": {"type": "Note", "objects": {"x": 0.4909800887107849, "y": 0.30726295709609985, "w": 0.011146903038024902, "h": 0.0070101916790008545, "length": 1.0}}, "4": {"type": "Note", "objects": {"x": 0.5245420932769775, "y": 0.29087385535240173, "w": 0.011880218982696533, "h": 0.007417142391204834, "length": 1.0}}}}, "2": {"type": "Measure", "objects": {"0": {"type": "Note", "objects": {"x": 0.5698099136352539, "y": 0.29904866218566895, "w": 0.011364281177520752, "h": 0.007198601961135864, "length": 1.0}}, "1": {"type": "Note", "objects": {"x": 0.5945752859115601, "y": 0.30233344435691833, "w": 0.011819899082183838, "h": 0.007074832916259766, "length": 1.0}}, "2": {"type": "Note", "objects": {"x": 0.6198145151138306, "y": 0.2998899817466736, "w": 0.01179128885269165, "h": 0.0077142417430877686, "length": 1.0}}, "3": {"type": "Note", "objects": {"x": 0.6441670656204224, "y": 0.30718573927879333, "w": 0.01157301664352417, "h": 0.007681488990783691, "length": 1.0}}, "4": {"type": "Note", "objects": {"x": 0.6689962148666382, "y": 0.3034406900405884, "w": 0.01090019941329956, "h": 0.007048428058624268, "length": 1.0}}, "5": {"type": "Note", "objects": {"x": 0.7025142312049866, "y": 0.3178096115589142, "w": 0.010924339294433594, "h": 0.006796479225158691, "length": 1.0}}}}, "3": {"type": "Measure", "objects": {"0": {"type": "Note", "objects": {"x": 0.7480849623680115, "y": 0.2967376708984375, "w": 0.011679649353027344, "h": 0.006550997495651245, "length": 1.0}}, "1": {"type": "Note", "objects": {"x": 0.8036567568778992, "y": 0.3220577836036682, "w": 0.012101411819458008, "h": 0.0068406760692596436, "length": 1.0}}, "2": {"type": "Note", "objects": {"x": 0.8602989315986633, "y": 0.31106626987457275, "w": 0.011229872703552246, "h": 0.006416618824005127, "length": 1.0}}}}}, "staffs": {"0": {"type": "staff", "objects": {"top": 0.30147120356559753, "bottom": 0.3321877717971802}}}, "boundaries": {"ymin": 0.27799154818058014, "ymax": 0.40445245057344437}}}, "2": {"type": "StaffSystem", "objects": {"measures": {"0": {"type": "Measure", "objects": {"0": {"type": "Note", "objects": {"x": 0.10440467298030853, "y": 0.5139867067337036, "w": 0.008636914193630219, "h": 0.006416976451873779, "length": 1.0}}, "1": {"type": "Note", "objects": {"x": 0.19373935461044312, "y": 0.48807579278945923, "w": 0.011676400899887085, "h": 0.009154587984085083, "length": 1.0}}, "2": {"type": "Note", "objects": {"x": 0.2562052011489868, "y": 0.4838913083076477, "w": 0.012415140867233276, "h": 0.007896095514297485, "length": 1.0}}, "3": {"type": "Note", "objects": {"x": 0.3189432621002197, "y": 0.498357892036438, "w": 0.012213557958602905, "h": 0.007296711206436157, "length": 1.0}}, "4": {"type": "Note", "objects": {"x": 0.31929242610931396, "y": 0.48718392848968506, "w": 0.012409299612045288, "h": 0.007745832204818726, "length": 1.0}}}}, "1": {"type": "Measure", "objects": {"0": {"type": "Note", "objects": {"x": 0.5683248043060303,